"ID","period","herd","Year","Lat","Long","Frequency","Duration","n","tau_p","tau_p_min","tau_p_max","tau_v","tau_v_min","tau_v_max","diffusion","diffusion_min","diffusion_max","HR","HR_min","HR_max","Speed","Speed_min","Speed_max","elev_220809","slope_220809","proj_age_220809","heli_ten_220809"
15024,"prior1","cs",2020,50.45958,-117.16661,720,40,57,NA,NA,NA,NA,NA,NA,2.518920178,1.604880408,3.635673658,3182807.816,1797223.134,4957831.573,NA,NA,NA,1.97394335365917,3.00296361540713,-0.37946954886129,1
15024,"prior2","cs",2019,50.485005,-117.096765,720,38.99861111,70,1210100.154,209862.9079,6977614.088,17501.14746,7330.447319,41783.28402,4.862647959,3.079234657,7.046944386,59750955.89,11675746.85,146301574.9,NA,NA,NA,3.53171400860211,3.33983006576938,0.189636660513371,1
22560,"after","cs",2022,51.7311888,-118.7554523,1440,88.99930556,71,2758377.802,405417.5977,18767434.22,NA,NA,NA,3.795170935,2.805834709,4.931605179,88335551.9,14094913.84,229298487.5,NA,NA,NA,2.46617786532013,3.1219508784979,1.13309726635006,0.940099167161582
22562,"prior2","cs",2019,50.5246,-117.4327,1440,39.99930556,33,1104703.162,176866.0028,6899964.129,60873.90597,22856.09059,162128.8826,6.802917222,3.530713993,11.13025904,85764150.81,17872966.29,205862607.1,NA,NA,NA,3.16425247764826,3.54501209926316,0.935836447453646,0
22562,"during","cs",2021,50.52656,-117.44944,1440,96,74,3344865.325,545321.0136,20516583.38,60292.39518,28313.95302,128388.0394,3.828810264,2.37144079,5.62963053,134154827.7,24530561.44,335053052.3,NA,NA,NA,2.95945449396522,3.32620593198404,0.767374636374423,6.37023824691044e-05
22562,"prior1","cs",2020,50.489675,-117.36235,1440,68.99930556,52,588700.463,213381.2771,1624173.591,NA,NA,NA,1.189803863,0.749947638,1.729534857,4763323.534,2065741.789,8568424.011,NA,NA,NA,3.43181372342463,3.61388886065654,0.986902284901589,0
22563,"prior1","cs",2020,50.330715,-117.77582,1440,35,30,745383.0646,117516.2476,4727822.103,NA,NA,NA,2.262604662,1.236411918,3.593737062,12593502.53,2539277.124,30540791.24,NA,NA,NA,3.39401784479722,3.03375489738241,0.571981328357894,0.789687924016282
22563,"prior2","cs",2019,50.37079,-117.76725,1441,6.000694444,6,NA,NA,NA,NA,NA,NA,NA,NA,NA,12092954.58,3689519.587,25394264.2,NA,NA,NA,3.35165013418637,2.55651807234478,0.484945716013246,0.476171243941842
22564,"after","cs",2022,50.52391,-117.1231,1440,46,42,8985686.722,417135.9298,193564160,NA,NA,NA,0.771937169,0.439383566,1.196655398,27802665.48,1203283.957,94744405.29,NA,NA,NA,3.81293830380468,3.13044773697472,0.16446561963171,1
22564,"during","cs",2021,50.49907,-117.16941,1440,97,83,802160.6677,289884.278,2219719.335,23094.61445,4541.068208,117452.809,4.61920693,3.063405675,6.489415224,23628072.34,10347987.59,42296523.5,NA,NA,NA,3.10787856356882,3.31069693813254,-0.12580969983918,1
22564,"prior1","cs",2020,50.461455,-117.160035,1440,68,52,9062207.744,553886.0715,148268052.6,NA,NA,NA,1.484288945,1.013459606,2.043528215,135365495.2,8602727.318,431785452.4,NA,NA,NA,2.68763938897503,3.11483236455913,-0.0882088677553566,0.686709288799517
22564,"prior2","cs",2019,50.486535,-117.098655,1440,40.00069444,36,1888101.033,252139.8829,14138681.55,NA,NA,NA,4.131135747,2.73520232,5.810301391,81036687.01,11674580.21,216166117,NA,NA,NA,3.38161652651891,3.34308533999003,0.272845050042834,1
22565,"prior2","cs",2019,50.36539,-117.75274,1440,39.04722222,32,597772.666,154180.044,2317629.124,NA,NA,NA,8.645325247,5.485598425,12.5121901,46611008.55,14228142.06,97859858.31,NA,NA,NA,3.17064948473818,3.02778523270423,0.537214365503517,0.581089575694081
22567,"prior2","cs",2019,50.3744,-117.73048,1440.5,34,25,NA,NA,NA,NA,NA,NA,9.707459161,5.439882761,15.190456,41452927.17,16871104.87,76892375.85,NA,NA,NA,3.31328678751166,2.93687008511182,0.544485187240098,0.585326343072573
25309,"prior1","cn",2020,51.6773912,-118.7292361,690,66.12430556,135,6099409.344,510375.6011,72892971.9,14799.93096,6769.986718,32354.26677,4.46616269,3.154418159,6.002406182,271633925.5,23244711.55,817581524.4,NA,NA,NA,2.60245327539373,2.60699374846428,1.00775542361153,0.811528977402881
25309,"prior2","cn",2019,51.7590685,-118.7376834,690,40.25,83,788966.3187,189870.0483,3278388.865,NA,NA,NA,8.229572334,6.295684918,10.41851738,57318888.94,14752286.48,128235352.2,NA,NA,NA,2.23181831899115,2.89851303818171,1.31647853354785,0.933787378950729
25315,"prior1","cn",2020,51.44669065,-118.7917483,690,68.04166667,134,1598861.923,330943.2329,7724465.09,10248.60075,3730.847974,28152.80014,6.504358165,4.757508273,8.520141598,95319597.91,21319837.16,223673742.6,NA,NA,NA,3.07198542974527,2.00996484115919,1.0648038458969,0.354950203538237
25315,"prior2","cn",2019,51.44312905,-118.790981,690,40.25,84,3319717.059,276155.8006,39906897.95,10518.24236,3473.39453,31851.6717,7.619239484,5.198735091,10.49508069,261857111.1,23137215.62,782918175.9,NA,NA,NA,2.71476618531634,2.38581833000228,0.830269514400751,0.286190971073321
29082,"during","cn",2021,51.5047091,-118.9753998,781,36.83333333,37,NA,NA,NA,NA,NA,NA,5.02661323,3.198908054,7.260700431,14995377.82,7322053.508,25372671.41,NA,NA,NA,3.32629901599147,2.08883786802618,0.577680572878434,0.476923076923077
29082,"prior2","cn",2019,51.7607442,-118.7298419,781,39.54166667,41,720837.4258,118417.8848,4387906.4,NA,NA,NA,3.481343575,2.310559005,4.888287223,20337471.6,4150894.986,49135474.34,NA,NA,NA,2.02981716392636,3.27313272582244,1.56381233241568,0.968915026404225
29082,"prior1","cn",2020,51.5110468,-118.9821942,781,67.70833333,73,1806785.684,330304.4519,9883228.908,20167.39957,9138.021395,44508.97935,5.90439529,4.019352786,8.146189534,106568644.4,21642820.85,257868311.1,NA,NA,NA,3.12732590297316,2.53165095117049,0.495961605428617,0.582505038475632
29088,"during","cn",2021,51.4095087,-118.8038547,780,54.16666667,58,2054686.046,340112.1271,12412773.35,23007.69647,10145.30393,52177.25371,8.172474464,5.223631863,11.77066668,174049484.6,31184439.49,437277278.7,NA,NA,NA,2.16068071554557,2.25132356493447,0.647730396915643,0.0343253759596172
29088,"prior2","cn",2019,51.6625534,-118.8155357,780,39.54166667,49,900845.7348,198034.198,4097893.425,NA,NA,NA,8.491117231,5.781867301,11.71272768,54031320.17,12917908.98,124006633.8,NA,NA,NA,3.18934553810488,2.94885307940762,1.16595029383885,0.9946950200912
29088,"prior1","cn",2020,51.5561037,-118.7120252,780,68.25,98,895226.2248,269805.2276,2970402.022,NA,NA,NA,5.487846048,4.299597426,6.818871101,37210366.65,11927272.63,76618645.5,NA,NA,NA,3.22178858141856,2.10957364041782,1.38635636350215,1
29089,"prior1","cn",2020,51.67758875,-118.7274965,781,68.25069444,68,11108593.25,631882.1053,195290930.2,NA,NA,NA,4.4581477,3.413746136,5.6398078,502959167,29101337.8,1631812529,NA,NA,NA,2.50683281604946,2.57832982761318,0.839194322156581,0.787649217796731
29089,"during","cn",2021,51.7633889,-118.7309651,781,54.16666667,53,656855.5643,171705.8344,2512781.432,NA,NA,NA,16.15424428,11.19547269,22.00786051,73074735.66,22022812.55,154188535.8,NA,NA,NA,2.14595538995693,2.71557405291139,1.26900947237134,0.868845068541183
29089,"prior2","cn",2019,51.7593688,-118.7361531,781,38.99930556,40,818356.1075,167688.0106,3993766.258,NA,NA,NA,7.416083473,4.95620752,10.36378009,51265158.68,11907657.85,118806558.7,NA,NA,NA,2.26120053438319,2.90928225394031,1.29100512777764,0.976634068574964
29092,"prior2","cn",2019,51.60692385,-118.9663394,1560,37.91666667,28,NA,NA,NA,NA,NA,NA,6.934592524,4.454234159,9.955153996,8814568.705,4992229.367,13705608.24,NA,NA,NA,3.26737876699031,2.5712450052212,0.274213828082532,1
29092,"during","cn",2021,51.5696744,-118.6903415,1560,52,45,527396.3489,185061.8252,1502994.518,NA,NA,NA,7.030559994,4.879920049,9.567674682,31671169.32,12573753.83,59436312.36,NA,NA,NA,3.07626511291147,2.33792628728929,1.46975902441082,1
29092,"prior1","cn",2020,51.5098219,-118.9810031,1559,68.25069444,59,1786370.63,362351.7791,8806690.657,16120.49114,4241.350015,61270.64112,6.233773242,4.16093271,8.718935979,110372340,25056671.19,257735150.3,NA,NA,NA,3.10200458381956,2.49516589166703,0.456110919163211,0.550492379447165
29094,"prior2","cn",2019,51.75863145,-118.7289972,781,12.45833333,16,NA,NA,NA,NA,NA,NA,19.41845239,8.164196266,35.46437185,9093718.576,3010278.997,18479934.71,NA,NA,NA,2.2496929604292,2.77068126239043,1.38738542515067,1
29094,"prior1","cn",2020,51.6763575,-118.7256229,1560,66.62361111,55,410190.1498,177536.7369,947724.7463,NA,NA,NA,1.849319683,1.206723854,2.62689379,3624576.477,1807231.564,6063683.574,NA,NA,NA,2.99807633089674,3.59432217100953,0.720013124293751,1
29095,"prior1","cn",2020,51.5108818,-118.9816622,780,66.625,81,1570404.714,347491.383,7097070.85,19927.82146,9996.677862,39725.004,6.889880688,4.797071036,9.355595723,108353077.3,26406051.4,247061590.2,NA,NA,NA,3.11497907198155,2.47999292324987,0.45925304910539,0.553087031427703
29095,"prior2","cn",2019,51.6776441,-118.7219852,780,39,45,221993.7402,85612.48205,575631.2573,NA,NA,NA,1.270038965,0.732954939,1.952329872,1365533.073,631547.518,2377707.048,NA,NA,NA,3.020229681632,2.81420352405745,0.373885498715447,1
29095,"during","cn",2021,51.5187501,-119.0104689,780,54.70833333,72,7214389.406,451804.6432,115198936.7,NA,NA,NA,3.162946459,2.400561137,4.028855212,221456737.1,14149079.48,705704336.4,NA,NA,NA,3.04486106227458,2.3707421721813,0.408280046984589,0.567368774827687
29098,"prior2","cn",2019,51.6076735,-118.9702797,781,40.08263889,45,NA,NA,NA,NA,NA,NA,6.172920086,4.330916063,8.336210208,10321685.48,5984133.739,15822184.65,NA,NA,NA,3.31985320509029,2.5841054557509,0.273285964120738,1
29098,"during","cn",2021,51.66878955,-118.8653851,780,54.16527778,56,3491578.784,330178.2556,36922850.61,47026.18681,22202.90697,99602.37411,2.583817214,1.457314066,4.027577671,95827332.16,10081889.72,275843202.4,NA,NA,NA,3.35602856694124,2.91446197999188,0.893366648902981,0.99576023019531
29098,"prior1","cn",2020,51.7011083,-118.7943332,1560,67.70833333,55,2562457.058,248871.0228,26383891.95,NA,NA,NA,0.097098068,0.051550535,0.156825402,1218763.647,175291.3116,3252463.642,NA,NA,NA,2.71381228620356,3.89792523956993,0.953377705594008,1
29098,"after","cn",2022,51.6215009,-119.0018817,781,89.375,101,458938.7866,211540.862,995669.6207,11519.89606,2396.792416,55369.00245,3.152467393,2.340472298,4.083517912,12024725.89,6503453.563,19214669.07,NA,NA,NA,3.23480230954054,2.97057188230238,0.806661848800039,1
29102,"during","cn",2021,51.5743826,-118.6911708,780,54.70763889,66,396646.7002,175487.9692,896520.7445,NA,NA,NA,7.044730552,5.120603049,9.271004359,21533644.92,10369986.49,36707068.33,NA,NA,NA,3.26106932821201,1.9701818494015,1.61676268556333,1
29102,"prior1","cn",2020,51.5090261,-118.9799776,781,67.70833333,81,1231392.137,323243.3288,4690975.685,10936.18677,2380.892234,50233.34502,5.029511907,3.565063927,6.742013417,59710243.98,17350215.4,127770184.6,NA,NA,NA,3.16217918135336,2.33445006786302,0.568584487100312,0.581322162051701
29102,"prior2","cn",2019,51.67771705,-118.7221406,780,37.91666667,42,NA,NA,NA,NA,NA,NA,NA,NA,NA,1426037.651,977250.945,1958289.357,NA,NA,NA,2.99121446165644,2.51868509156685,0.439163760510537,1
29103,"prior2","cn",2019,51.6650089,-118.8233019,1561,39.54097222,31,857454.0913,168709.1019,4357960.007,NA,NA,NA,9.806577554,5.908578683,14.67601352,60684319.43,13934702.55,141172993.7,NA,NA,NA,3.12760222138385,3.00163199268681,1.27344809360093,0.995315735509941
29103,"during","cn",2021,51.6616557,-118.7895642,1561,50.91666667,28,2089021.71,233262.7283,18708568.4,NA,NA,NA,6.844248031,4.351672381,9.892152526,134850761.2,17359940.4,370123577.3,NA,NA,NA,3.06760175968951,3.0739678190729,1.15510967424624,0.996842143361262
29103,"prior1","cn",2020,51.6116596,-118.7974495,1560,65.54236111,37,3636077.447,351674.9812,37594540.15,56408.35231,25892.6582,122888.202,29.8604481,16.0222609,47.93471088,920248602.2,102507629.4,2614653479,NA,NA,NA,2.7456571642462,2.70568356849623,0.869079921883331,0.667493102355607
29104,"prior2","cn",2019,51.610359,-118.7777904,781,40.08333333,37,1381082.132,164682.6439,11582203.26,43350.51103,20108.65827,93455.60411,13.91303594,6.981178766,23.19492751,137603747.9,18879883.98,371696778.4,NA,NA,NA,3.08506669475006,2.70145564054144,1.18667971553259,0.995814972114592
29104,"during","cn",2021,51.29561975,-118.7964933,1559,53.08333333,56,564959.0673,206128.3014,1548446.989,NA,NA,NA,3.106441205,2.187328462,4.184243141,13573105.83,5432781.158,25375529.01,NA,NA,NA,3.26916206304446,2.46963897149239,0.822405316858961,0.145452909957722
29104,"after","cn",2022,51.2948431,-118.7966308,781,89.91597222,96,1167941.814,333472.4031,4090557.626,NA,NA,NA,3.963524964,3.139017591,4.88272676,36863757.35,11322116.4,77208951.17,NA,NA,NA,2.98668550898842,2.55566590558207,0.699724156689749,0.253939353813559
29104,"prior1","cn",2020,51.6034941,-118.7979688,1559.5,66.62430556,57,3025263.007,372650.1329,24559809.46,20514.61999,6463.838572,65108.31434,18.51231146,11.78568529,26.73329538,426733877.9,57631533.73,1157325488,NA,NA,NA,3.0196611196297,2.59785859784666,1.03222964581459,0.756668591719224
30276,"prior1","hr",2020,54.641315,-121.872265,720,48.49930556,96,4037010.751,360254.2318,45238762.97,NA,NA,NA,5.844917873,4.411589182,7.476778236,173486655.5,15848515.21,515067077.1,NA,NA,NA,2.02975445936526,1.92710957082761,0.575491994526716,0
30467,"during","hr",2021,54.61526,-121.57107,719,49.23958333,76,7882916.236,377273.0996,164709247.6,46277.15474,15687.91879,136511.1,15.80905877,7.717561207,26.75281089,1173936638,55853840.14,3939032361,NA,NA,NA,2.41574293633702,2.10919961394467,0.634110343514646,0.402304736186123
30467,"prior1","hr",2020,54.588855,-121.97887,720,48,88,791934.2397,188728.2474,3323084.11,NA,NA,NA,0.213595796,0.12556115,0.324635219,1024966.284,292916.2062,2207106.443,NA,NA,NA,2.52080895900726,3.05668430796691,0.690780634897075,0
30613,"prior1","hr",2020,53.73186,-120.70777,720,48.50069444,98,2460047.641,291547.8428,20757603.07,12178.72673,4941.753019,30013.921,18.8449463,12.70605346,26.17457518,459999817,59351404.09,1261854546,NA,NA,NA,2.39185782222298,2.25357351394249,0.510751645447292,0.373962122095798
30616,"during","hr",2021,54.16155,-121.43368,718,61.25138889,96,4020.587744,1602.565416,10087.03023,25.5345983,6.234916017,104.5748986,4062.983511,1857.207255,7117.449014,84631849.71,60754405.17,112405054,NA,NA,NA,2.19610378247624,2.39210704373141,0.237332684433312,1
30616,"prior1","hr",2020,54.11887,-121.50016,720,48.50069444,93,1544130.291,227564.313,10477646.18,NA,NA,NA,5.984792336,4.630774216,7.509817915,74521615.71,11658064.7,194484399.4,NA,NA,NA,2.35353124765794,2.49352001446398,0.0370794661245032,1
32611,"prior2","hr",2019,54.216585,-121.54319,666,0.4625,2,NA,NA,NA,NA,NA,NA,NA,NA,NA,4645941.312,95431.5368,17618358.97,NA,NA,NA,2.53671917944084,3.03893225803089,0.306268198454026,1
32611,"during","hr",2021,54.19268,-121.2434,1,61.25138889,121,633.206261,380.0619609,1054.960007,NA,NA,NA,3832.077567,2756.186074,5082.496707,16091208.22,11899314.48,20905880.98,NA,NA,NA,2.58868498354924,2.51268764929708,0.783214172705498,1
32611,"prior1","hr",2020,54.18796,-121.24824,720,48.5,95,359791.8599,136555.8917,947964.8281,23417.50891,12898.92179,42513.60949,10.98263134,7.712179018,14.82211045,43799166.29,19926415.7,76912462.19,NA,NA,NA,2.33802960714921,2.27190054686597,0.467382245970398,1
37667,"prior1","cs",2020,50.35465,-117.70873,900,28,43,1603544.039,187576.7806,13708271.76,NA,NA,NA,6.010450801,3.946322635,8.501872636,81299022.46,10030889.16,225469254.2,NA,NA,NA,3.22773304337766,3.00714279542468,0.664162022689961,0.72380437394857
37667,"during","cs",2021,50.35964,-117.70224,900,98.37569444,140,15434601.41,816057.0667,291924340.2,18368.49192,11242.85179,30010.31248,7.026436541,5.274082909,9.026281184,1032667752,55874453.28,3390155904,NA,NA,NA,2.3280332322247,2.69874685872211,0.376434267950259,0.289241893646151
37668,"after","cs",2022,50.5473,-117.463415,901,33,38,890050.8798,161693.395,4899337.839,26544.74721,8957.173665,78665.84157,4.477109061,2.561177677,6.919304125,43560792.11,9604579.775,102695639.4,NA,NA,NA,3.10924696297612,3.57857145571726,0.881371153486997,0
37668,"during","cs",2021,50.52668,-117.45009,900.5,95.62569444,105,4088292.328,637907.6699,26201494.27,15694.9491,6391.770924,38538.83851,3.290734999,2.380637319,4.345863826,140519556,23043043.95,362018568.5,NA,NA,NA,2.90796036068942,3.26828046093285,0.738735016656716,8.68839924932231e-05
37668,"prior1","cs",2020,50.488,-117.36108,1440,27.99861111,27,366163.8149,72765.28165,1842581.192,NA,NA,NA,2.166816429,1.206246933,3.404075272,6667970.362,1869318.085,14462086.54,NA,NA,NA,3.46730416159803,3.90923179105178,0.819130778540573,0
37669,"after","cs",2022,50.54739,-117.05676,899.5,47.375,85,325964.4818,144624.4245,734681.1837,NA,NA,NA,2.639769707,1.951870686,3.429905742,5692833.796,2742693.101,9701979.868,NA,NA,NA,3.6509614253366,3.44004984790524,0.821027423468519,1
37669,"during","cs",2021,50.58477,-117.19048,899,98.37430556,181,10722440.13,721990.7783,159241261.6,NA,NA,NA,13.69539907,11.11160051,16.54524621,605936139.9,41429473.85,1906586957,NA,NA,NA,3.14123180612126,3.38993507597576,0.32320695765267,0.872875277050172
37669,"prior1","cs",2020,50.47677,-117.11505,899,27.62430556,47,3163354.667,199201.8762,50234530.64,NA,NA,NA,2.177583144,1.521580809,2.949319775,68023091.21,4464428.295,215687717.8,NA,NA,NA,3.22190339068122,3.26357048288548,-0.0392825259459306,0.980203173235695
37670,"prior1","cs",2020,50.476725,-117.114925,899,27.99930556,44,3588267.794,216925.9982,59355106.66,NA,NA,NA,1.751875694,1.193394484,2.415862098,63504319.96,3997059.377,202924222.9,NA,NA,NA,3.27009769447867,3.28284822810784,-0.0344807258698122,0.989058113149494
37671,"prior1","cs",2020,50.354435,-117.705465,900,28,36,955969.2957,140356.7983,6511101.034,25914.97318,9107.02987,73743.67321,6.207093534,3.208163705,10.17914002,55446443.53,10014365.21,138977623.7,NA,NA,NA,3.27872045146324,2.92724880648591,0.662459843982939,0.820075298883727
37671,"after","cs",2022,50.46574,-117.644325,900,33,44,NA,NA,NA,NA,NA,NA,1.055039602,0.639215324,1.573358806,2342819.258,1120028.693,4009190.902,NA,NA,NA,3.37996392312311,3.76234566717173,0.392016782111759,0
37671,"during","cs",2021,50.372095,-117.782965,900,98.375,100,9626994.83,677425.0093,136810758.7,NA,NA,NA,4.87977743,3.866723893,6.008914823,429953700.7,30920179.6,1339853357,NA,NA,NA,2.32303114856367,2.77101869440786,0.387642777890959,0.177270687922036
37673,"during","cs",2021,50.3597,-117.70372,901,97.99930556,115,18402475.54,884281.8605,382967378.4,15350.01066,7654.113166,30783.81807,6.450423368,4.802708924,8.337404618,1119535832,54933158.03,3737208233,NA,NA,NA,2.33732357219296,2.70852096014148,0.355652357521727,0.286296039400959
37673,"prior1","cs",2020,50.35463,-117.705215,900,28,36,2077586.461,189632.1102,22761785.95,19191.68817,4715.247351,78112.74095,5.41806338,2.933110158,8.652866859,122884739.9,12451745.31,356715863,NA,NA,NA,3.13674134185063,3.13893368149502,0.5947219530983,0.550684604836947
41447,"after","cn",2022,52.2211144,-118.5711532,900,89.375,121,2930283.267,590412.587,14543321.42,NA,NA,NA,5.482083928,4.503338683,6.555635542,166575174.2,34317627.47,401275953.9,NA,NA,NA,2.53963058231019,2.83745145942686,1.54387349685751,0.796278395360077
41448,"after","cn",2022,51.8634921,-118.240828,900,89.37569444,132,1818612.749,412313.0884,8021458.51,13555.84634,4012.800374,45793.69839,0.937828199,0.664783902,1.257116875,13429022.49,3304035.374,30520091.01,NA,NA,NA,3.34844466111132,3.81789737063017,1.07455200674968,1
41449,"after","cn",2022,52.22928555,-118.5310364,900,89.37430556,134,4284259.719,597643.637,30712083.59,NA,NA,NA,18.60595633,15.36461143,22.15289952,755663834.8,107290598,2023372150,NA,NA,NA,2.53505403457997,2.73972620733231,1.24867402399768,0.829396960994642
41450,"after","cn",2022,51.2959149,-118.7868818,899,21,41,148295.141,56042.67232,392405.4283,NA,NA,NA,4.454044657,2.810426885,6.470007023,4779118.541,2198322.122,8344944.198,NA,NA,NA,3.54747476633814,1.73468074573639,1.15088025386751,0.249169435215947
41566,"after","cn",2022,51.5787845,-118.7266798,900,89.37569444,137,1667342.678,379576.2945,7324039.056,14891.40582,8044.687921,27565.26662,6.847007195,5.181709249,8.740788325,108858372.2,26873219.5,247115694.4,NA,NA,NA,2.84799598138065,2.44298559771744,1.10804545109543,0.999730995987357
41567,"after","cn",2022,51.3012776,-118.7832296,899,21.00069444,41,551327.1949,94478.5704,3217255.242,NA,NA,NA,7.552156242,4.982594356,10.64754026,31573423.33,6142478.684,77411827.13,NA,NA,NA,3.27119079064792,2.38051988621017,0.792285926341708,0.249594312649718
41570,"after","cn",2022,51.4764536,-118.9505382,900,20.625,35,932618.6296,125456.6268,6932894.102,NA,NA,NA,40.39830921,23.43239459,61.90909048,61289917.23,9209555.969,161690745.6,NA,NA,NA,3.01088050354963,2.15375287976657,0.386089895498902,0.425553940793534
42137,"during","nc",2021,53.3000706,-120.8740003,720,70.5,141,5068539.673,473332.4116,54274953.06,7968.742026,2602.645218,24398.58073,9.866603057,7.461381638,12.60270027,504208890.5,48805100.41,1478440477,NA,NA,NA,2.75108316328876,3.03450707654233,1.56924921124469,0.463355818976464
42137,"after","nc",2022,53.44871645,-121.1858388,720,33.49930556,68,1873704.083,213015.8792,16481245.46,14099.35496,5968.616184,33306.18087,48.72353046,31.58146321,69.52259162,896019279,109023261.4,2493332116,NA,NA,NA,2.61022892892542,2.36191759931648,0.46036650224204,0.157560423227998
42139,"during","nc",2021,53.4341883,-121.2269616,720,70.5,142,5794097.046,503651.909,66656275.85,NA,NA,NA,17.06696514,13.99704973,20.4367135,846435334.1,74591706.15,2532133672,NA,NA,NA,2.52662291450188,2.25832549621608,0.400411554336563,0.0806290808711236
42141,"during","hr",2021,54.7751625,-121.784556,720,70.5,153,1334687.455,340304.6331,5234693.948,10291.742,5482.019336,19321.33887,9.721506476,7.523176969,12.19731954,120642231.9,32552979.88,265365250.8,NA,NA,NA,2.24990250403862,2.09253017545378,0.600722545082393,0
42142,"after","hr",2022,54.01387425,-121.4740533,720,33.5,68,2528629.886,251032.2697,25470705.86,NA,NA,NA,8.923445864,6.737140371,11.41226578,222080935.9,22615879.26,643952205.6,NA,NA,NA,2.04116954678703,2.21549138620118,0.541700356145419,0.996644977074925
42142,"during","hr",2021,53.9675978,-121.4318041,720,70,135,578463.6823,225430.7651,1484359.207,7187.289172,1724.257,29959.0639,22.83667402,17.39997565,29.00118274,108517021,46843627.76,195651228.4,NA,NA,NA,2.3740417666497,2.83318698386003,0.773727409627937,1
42155,"after","hr",2022,54.8833626,-122.0230323,720,33.5,69,6526383.839,345657.4271,123225143.4,NA,NA,NA,27.77397802,19.44059581,37.57048185,1369348560,73708365.62,4499492971,NA,NA,NA,2.20421504412163,2.13677509210731,0.489377518255083,0
42155,"during","hr",2021,54.86089935,-122.2160764,720,70.50069444,142,1800669.466,363172.1666,8928025.94,9185.157483,3527.061016,23919.94854,13.13785188,9.910841613,16.81268034,214186805.4,45710498.89,510266016.8,NA,NA,NA,2.03228327888083,1.82444159030979,0.630453701247895,0
42156,"after","nc",2022,53.31085105,-120.9973201,720,33.5,66,217073.6118,84674.09377,556497.8715,NA,NA,NA,3.937474055,2.644399768,5.483856867,5054068.345,2285408.645,8902663.382,NA,NA,NA,3.14906574721047,2.9169936926511,1.86980481168391,0
42156,"during","nc",2021,53.4414606,-120.9802765,720,70.5,141,1473236.489,361611.9338,6002085.522,10911.58214,5169.758442,23030.59728,10.75059195,8.033395962,13.8575301,139506179.1,36156557.08,311335383.5,NA,NA,NA,2.76642040867656,2.79852393191915,1.05975330962758,0.45174966999729
42158,"during","hr",2021,53.96073585,-121.4279531,720,70.5,140,1610183.662,422714.3896,6133435.454,NA,NA,NA,28.28028307,23.02849785,34.06343454,358740471.1,96243286.5,790739534,NA,NA,NA,1.97136225586167,2.17241484491559,0.5402064551734,0.825781034898859
42158,"after","hr",2022,53.989121,-121.4275406,720,33.5,68,605098.7646,162621.3133,2251516.161,NA,NA,NA,8.742030204,6.503807963,11.30613583,45629568.4,13104975.44,98072458.1,NA,NA,NA,2.3608288300647,2.83040296350307,0.847207977189973,1
42159,"after","nc",2022,53.4376651,-121.1887742,720,33.5,67,1654226.948,216330.9007,12649449.47,12583.52024,4648.101536,34066.59265,31.54613466,19.62526445,46.25044048,390983594.4,53811073.21,1055297627,NA,NA,NA,2.71434703807953,2.33944084982165,0.496181802729245,0.157106143021109
42159,"during","nc",2021,53.43831705,-121.206604,720,70.5,152,5119574.737,495642.5917,52880938.65,3152.612422,1086.837168,9144.852031,55.47801662,43.49075339,68.90223823,1783884719,175416139.6,5212722317,NA,NA,NA,2.43527637459359,2.17383303963524,0.415495678384486,0.116151603976856
42294,"during","hr",2021,54.85687965,-122.0923399,720,70.5,140,5059033.976,487231.9401,52529037.32,20926.7948,14016.99531,31242.83992,18.61707141,13.42359245,24.64665316,952084280.8,94778280.93,2774610936,NA,NA,NA,2.02921594255954,1.87205570747624,0.457853892769828,0
42294,"after","hr",2022,54.9498938,-122.0993164,720,33.5,67,876922.0917,137458.655,5594353.843,34809.28399,20936.10631,57875.43462,80.3870428,48.73254637,119.8348204,735680797.2,141489514.1,1810009558,NA,NA,NA,2.24912728303472,2.14011315636426,0.395109794282296,0
42295,"during","hr",2021,54.8471767,-122.0709379,720,70.50069444,142,833472.3804,216578.3609,3207505.155,6394.892423,1052.957429,38837.89408,12.80912229,9.601983108,16.47128741,76845835.47,22836219.74,163030202.4,NA,NA,NA,2.35344358149009,2.2572914930638,0.724634155575176,0
42296,"after","hr",2022,54.9605881,-122.3547999,720,33.5,67,765917.2008,149423.6583,3925945.632,16748.79272,7677.209346,36539.58682,8.183084045,5.350325693,11.60808882,62909900.15,14287127.97,146885445.9,NA,NA,NA,2.43407496602649,2.27958739864849,0.119466343384851,0
43091,"after","nc",2022,53.77273415,-121.5593885,720,33.49930556,68,310368.6145,107730.3385,894164.8028,11201.86168,2800.949434,44799.70381,16.75161752,10.69437015,24.14626643,35841887.42,15242706.98,65095830.74,NA,NA,NA,2.68893128607549,1.95717603644952,0.617067185981747,0
43091,"during","nc",2021,53.8116599,-121.5807813,720,27,55,318359.2319,82103.64446,1234447.035,NA,NA,NA,42.47618846,28.09881427,59.77684441,77743812.16,23349311.13,164260216.3,NA,NA,NA,2.57579474974864,2.28314789550931,0.73685008823132,0
43092,"during","nc",2021,53.75277595,-121.5268559,720,22.00069444,38,NA,NA,NA,NA,NA,NA,35.15077786,23.02896704,49.79488729,53334401.75,27333368.8,87880643.85,NA,NA,NA,2.60114448239821,1.93864264869029,0.573612215998261,0
43092,"after","nc",2022,53.8530558,-121.621926,720,33.5,67,2299206.526,230387.5906,22945466.09,NA,NA,NA,24.43761164,17.911308,31.96206217,447505030.9,46297252,1293035358,NA,NA,NA,1.89301738510696,1.47957852206986,0.275363775760011,0
43093,"during","nc",2021,53.43382475,-121.296504,720,27.5,56,1336327.671,185171.4468,9643882.325,NA,NA,NA,18.05259255,13.08092049,23.81260934,224094226,32332597.01,597540379.5,NA,NA,NA,2.66257016350777,2.2103298394228,0.611732582101578,0
43093,"after","nc",2022,53.4442859,-121.3267391,720,33.50069444,68,1498970.23,235199.6816,9553209.157,NA,NA,NA,4.594775229,3.378087352,5.995703189,61357539.76,9992532.734,158376736.7,NA,NA,NA,2.66618971911466,2.08789485832699,0.655685655553582,0
44094,"during","hr",2021,54.45846315,-121.5679717,720,24.5,50,236017.4957,91704.30625,607433.3969,NA,NA,NA,7.3558691,5.204506958,9.873574439,14665745.37,6315314.627,26473520.76,NA,NA,NA,2.4051680550217,2.79243101539063,0.712323435366639,0.999168882978723
44094,"after","hr",2022,54.65632825,-121.3168186,720,33.5,68,1235973.471,180645.5561,8456507.068,12200.5751,3610.68875,41225.93859,3.399837374,2.1749387,4.893952326,38697187.86,6450558.9,99241200.24,NA,NA,NA,2.90776205379155,1.98044649787014,0.466322803969989,0
44095,"during","hr",2021,54.8618219,-122.0729219,720,24,45,386146.0595,96823.35987,1540008.314,23305.53664,8972.953565,60531.68937,13.12321143,7.463257605,20.35416703,48500758.41,14468794.06,102741933.3,NA,NA,NA,2.39158179543044,2.28403292011427,0.748551833253048,0
44095,"after","hr",2022,54.9612247,-122.3509534,720,33.5,68,943410.3408,163253.2762,5451793.017,16573.22406,7629.44668,36001.53027,7.908083238,5.125631215,11.28418288,75696299.05,14815620.08,185252710.9,NA,NA,NA,2.43167025109069,2.2646605861281,0.12192735294804,0
44096,"during","hr",2021,53.7818239,-120.518572,720,25.49930556,50,978247.6622,125792.5136,7607515.434,NA,NA,NA,14.35444025,10.47019791,18.84197932,133026168.6,18519332.99,357999821.9,NA,NA,NA,3.08383920165883,2.72876492667922,0.382750272709406,0.398110042803589
44096,"after","hr",2022,53.73972885,-120.647575,720,33.5,68,2546206.737,234624.6996,27632081.19,8100.225035,1728.930596,37950.42195,10.1316869,6.906618202,13.96491243,267317185.5,25962500.89,783251325.2,NA,NA,NA,2.67604134196407,2.68850180430724,0.548736584962646,0.494288060586705
44097,"during","nc",2021,53.43228215,-121.2995864,720,27.5,54,1476757.869,185668.7619,11745722.76,17337.38251,7739.711013,38836.69967,20.42124597,12.42558593,30.37094392,330295410.6,45128010.5,893151025.2,NA,NA,NA,2.52919450116622,2.09441064875555,0.390774325347652,0
44097,"after","nc",2022,53.4359568,-121.3363472,720,33.5,68,NA,NA,NA,NA,NA,NA,31.07450104,22.47971215,41.03907013,26422871.88,16558314.81,38555404.33,NA,NA,NA,2.87786921605461,2.17282706540461,0.579740099105657,0
44098,"during","hr",2021,54.972953,-122.3760056,720,23.49930556,48,1436712.14,121240.4825,17025186.07,NA,NA,NA,9.507476235,6.676442488,12.83105286,112105982.5,10144025.01,333506669.4,NA,NA,NA,2.38213233720028,2.20197315960711,0.220029665046363,0
44100,"during","hr",2021,53.9844595,-121.4383414,720,27.5,56,304462.1529,91407.82724,1014105.743,19364.10169,8461.182934,44316.31336,24.85504265,15.33562508,36.6357375,61258270.45,23151133.53,117581047.3,NA,NA,NA,2.58542801856245,2.80930748949434,0.773733395497609,1
44100,"after","hr",2022,53.99259215,-121.5683553,720,33.49930556,68,1057355.647,166837.633,6701131.775,19482.61196,9986.01066,38010.39089,18.76042187,11.49468478,27.77700334,158246003,28455064.96,397158130.8,NA,NA,NA,1.90728860125249,1.88703682469613,0.619683473775302,0.702749352730859
44101,"during","hr",2021,54.7158137,-121.5943232,720,24,46,1070062.567,138971.899,8239319.651,NA,NA,NA,14.55074332,10.00402751,19.9357767,135734490.5,18793710.52,365797799.4,NA,NA,NA,2.53036046104698,1.82803164100056,0.550887249830084,0
44101,"after","hr",2022,54.729427,-121.6398906,720,33.5,68,2223183.654,229601.0137,21526671.33,8430.504027,1742.188997,40795.45805,9.301669568,6.256364905,12.94129289,217675370.7,23871907.53,620696557.3,NA,NA,NA,2.41075440990573,1.8692383957573,0.607464059316157,0
44103,"during","hr",2021,53.9955723,-121.269551,720,23.5,48,516780.2998,109320.4966,2442925.953,NA,NA,NA,5.934603943,4.04715958,8.177593489,24758356.23,5772373.516,57305461.77,NA,NA,NA,2.31880250976932,1.85302058452237,1.07162315626005,1
44106,"during","hr",2021,54.1575075,-121.4586016,720,24.5,50,626312.7728,116758.3383,3359654.609,18567.74832,7803.72899,44179.0429,17.82546381,10.34437325,27.3088306,107620988.3,23752554.67,253637567,NA,NA,NA,2.28330979294093,2.4618023782776,0.127972168117001,1
44106,"after","hr",2022,54.2044839,-121.5887465,720,33.5,67,589545.2246,141775.3098,2451509.875,NA,NA,NA,2.437257549,1.789187061,3.183942266,11822773.62,3129943.85,26185278.46,NA,NA,NA,2.48028319000312,3.11992867908768,0.266072861313512,1
44130,"during","hr",2021,54.7451457,-121.9298305,720,25,51,2794128.082,183774.4437,42482249.33,NA,NA,NA,4.091147271,2.914716014,5.463904937,109918115,7463065.647,346316236.4,NA,NA,NA,2.34578450232298,2.418207263168,0.606577486849404,0
45069,"after","cn",2022,51.6668359,-118.7833877,900,17.00069444,29,NA,NA,NA,NA,NA,NA,3.673956118,1.752025845,6.295441196,3339281.332,852218.474,7493005.984,NA,NA,NA,3.46487306761951,2.53424628432349,0.784850500143428,1
45317,"during","hr",2021,54.7510373,-121.5979538,720,24,48,1657099.075,155358.8282,17675064.73,12165.10096,3239.15269,45687.77567,13.17531613,7.867886853,19.82864666,233217920.6,24311967.14,672719483.1,NA,NA,NA,2.5218699094388,1.95756649003539,0.566928029813228,0
45317,"after","hr",2022,54.6852558,-121.6250078,720,33.5,68,2045901.11,214750.839,19491012.79,NA,NA,NA,10.64362967,8.192298951,13.4109066,218811274.4,23809125.74,625057934.1,NA,NA,NA,2.47587761441534,1.83191177854658,0.487565447631309,0.0471694958704399
45318,"during","hr",2021,53.7724667,-120.6329958,720,25.5,52,NA,NA,NA,NA,NA,NA,19.55005131,12.91446352,27.53942964,31917700.48,15938092.37,53352656.65,NA,NA,NA,3.02925896235474,3.02235730210944,0.277485128360275,0.47947718413208
47355,"after","cn",2022,51.6158857,-118.9886071,900,17,26,382302.4164,82112.2253,1779943.693,NA,NA,NA,5.898921323,3.417787601,9.046055791,18429972.29,4611749.844,41641206.62,NA,NA,NA,3.32787615108143,2.92254867196196,0.581135256318664,1
81287,"prior1","hr",2020,53.8477842,-121.0991306,720,48.5,78,792887.3207,165286.3256,3803522.771,NA,NA,NA,17.58111475,12.34640998,23.72646733,79562374.01,18391933.97,184680183.7,NA,NA,NA,2.18680219943546,1.98395790225819,0.925904243646459,0.353364905666161
81287,"prior2","hr",2018,53.9394933,-121.4278628,720,41.5,63,741415.9945,161609.3922,3401396.846,NA,NA,NA,37.09209634,25.40492624,50.95599156,196719695.6,48028135.98,448272739.1,NA,NA,NA,2.06364136465984,2.34837907319744,0.59277467037481,0.773869222138886
81287,"during","hr",2020,53.9057583,-121.3151181,720,12.49930556,19,NA,NA,NA,NA,NA,NA,NA,NA,NA,20857280.81,11949376.71,32205487.61,NA,NA,NA,2.62149824789419,2.97106886059203,0.524994615842778,1
81288,"prior2","nc",2018,53.7566261,-121.5184656,720,41.50069444,59,263700.0235,102773.487,676611.2974,NA,NA,NA,26.81043168,17.75423614,37.70331089,40748397.09,19218443.66,70231644.08,NA,NA,NA,2.5071220613808,2.02388731895795,0.662917072474858,0
81288,"prior1","nc",2020,53.7855847,-121.6129858,720,48.5,81,389144.8154,153193.8062,988510.5092,NA,NA,NA,9.076272767,6.359610639,12.26852098,24433581.44,10577953.83,43989528.75,NA,NA,NA,2.64341010597652,2.28334279956032,0.608095610159126,0
81289,"prior2","hr",2018,53.9562243,-121.3236938,720,41.50069444,74,712272.3699,212038.8067,2392637.163,NA,NA,NA,4.753521348,3.351363385,6.396887613,30300806.5,9779452.393,62218048.45,NA,NA,NA,2.26597500968897,2.94137271853041,0.718451264801772,1
81290,"prior2","hr",2018,53.96066,-121.4367096,720,41.49930556,72,279556.5577,119055.0058,656434.9682,NA,NA,NA,19.01354784,13.4078572,25.58299391,33433704.03,15900229.29,57372631.14,NA,NA,NA,2.54037838188682,2.83497496483129,0.738539546576942,1
81291,"prior1","hr",2020,54.6379444,-121.8735611,720,48.5,87,2977419.055,333127.344,26611517.75,NA,NA,NA,7.775903818,5.775317467,10.06942816,179315968.6,20760413.6,504913628.6,NA,NA,NA,1.9680630710773,1.80431169001053,0.621383921790013,0.00332503773815838
81291,"prior2","hr",2018,54.6684628,-121.6274278,720,41.50069444,53,781624.9112,157404.0433,3881332.962,NA,NA,NA,21.79357088,14.65646884,30.32402886,122094867,28368421.73,282924722.3,NA,NA,NA,2.23925059541929,1.71628863470929,0.589528734593864,0.0590226802888216
81292,"during","hr",2021,54.8479003,-122.0774681,720,70.50069444,121,561399.2655,207099.301,1521826.166,NA,NA,NA,17.61007281,13.61092118,22.11646774,75727978.3,30647195.54,140845510.5,NA,NA,NA,2.39985523318374,2.29845666710503,0.73226186182593,0
81292,"prior1","hr",2020,54.8373556,-122.3076914,720.5,48.50069444,63,179240.0675,65334.23091,491733.068,NA,NA,NA,1.575001882,0.742014887,2.71614724,2150938.3,1124083.682,3505422.645,NA,NA,NA,2.55671255940695,2.6555719273128,0.417624733756388,0
81295,"prior1","nc",2020,53.6040717,-121.2988827,721,47.50069444,58,2711326.898,326634.1087,22506202.97,NA,NA,NA,54.8007859,37.26189722,75.66895017,887682429,110840146,2454712849,NA,NA,NA,2.60686272388796,2.38733709090236,0.393163230823277,0.101588945795049
81295,"during","nc",2021,53.30113,-120.8757711,720,70,109,4708090.327,393764.4117,56292833.65,NA,NA,NA,46.73372536,36.78681343,57.85289465,1851001334,159385916.1,5564088523,NA,NA,NA,2.83996932628681,2.89879083556267,1.15836126715855,0.400503469671586
81295,"prior2","nc",2019,53.5204719,-121.1399233,721,41.5,55,1252789.36,155833.7765,10071508.35,NA,NA,NA,39.49309308,25.92442731,55.8720952,254845082.7,34835074.7,689046685.9,NA,NA,NA,2.91143642865457,2.73452476833796,0.552882160120877,0.162174060763831
81296,"prior2","nc",2018,53.52626775,-121.1900111,720,26.50069444,34,97702.21566,25390.89863,375950.5752,NA,NA,NA,40.90508563,14.35963755,81.09906357,24403587.19,10717015.64,43625025.71,NA,NA,NA,2.98848725224433,2.83097344869406,0.511107944894179,0
81297,"prior2","hr",2018,54.45965515,-121.901801,720,41.50069444,64,3508690.152,289416.4502,42536996.68,NA,NA,NA,15.92107472,10.81201423,22.00309396,385196801.2,30452513.25,1178234706,NA,NA,NA,1.7675948162567,1.50232298886291,0.507904667193665,0.513910169555913
81298,"prior2","hr",2018,54.72424,-122.0428994,720,36.5,65,1249411.685,165899.8615,9409468.724,NA,NA,NA,3.009254739,1.974836414,4.258056905,26453988.88,3949173.835,69909974.08,NA,NA,NA,2.31246632438679,2.22255313273674,0.572118925095631,0
81299,"prior2","hr",2019,53.9601564,-121.451295,720,41.50069444,69,175401.5717,88473.74295,347738.3269,NA,NA,NA,27.75780974,18.8575045,38.351411,30666320.89,17624078.79,47261450.29,NA,NA,NA,2.49087444970287,2.84200401820485,0.706050181868834,1
81301,"prior2","hr",2018,54.3214236,-121.8400897,721,41,57,238991.2446,97716.84627,584513.4915,NA,NA,NA,5.915271657,3.587386995,8.815828686,10271875.89,5091485.309,17239609.31,NA,NA,NA,1.87093684097797,1.99037540781677,0.581251614873781,0
81303,"prior2","hr",2018,54.6087828,-121.4788038,720,41.5,82,501075.4315,164126.4704,1529775.103,NA,NA,NA,4.750088996,3.522637336,6.158186963,14845429.89,5249203.724,29341698.11,NA,NA,NA,3.0038969204854,2.7014456849031,-0.544711468837711,1
81308,"prior1","hr",2020,54.129681,-121.4992582,720,48,76,3334007.699,271905.265,40880441.7,NA,NA,NA,19.80910792,13.55614821,27.22925934,474959259.5,40374885.28,1431526316,NA,NA,NA,1.82986658649008,1.75570489274835,0.1187360583806,0.855156442954226
81308,"prior2","hr",2018,53.9569744,-121.43928,720,41,59,186839.7966,85513.69714,408228.2811,NA,NA,NA,35.27553091,23.48628626,49.42450646,32967963.07,17967742.44,52445142.4,NA,NA,NA,2.29042160858597,2.79152002114223,0.760459743439316,0.938318656108932
81311,"prior2","hr",2019,54.4596208,-121.5814111,720,41.5,65,3536041.668,293908.1566,42542509.94,NA,NA,NA,16.23728899,12.2686133,20.7535789,572321251.9,49098594.83,1721716257,NA,NA,NA,2.10428433146088,2.28186884984247,0.770627129693544,0.76699492485288
81311,"during","hr",2021,54.2193231,-121.5738033,720,70.50069444,121,176724.8656,109348.3519,285616.3587,NA,NA,NA,16.79997817,12.87148299,21.24368719,23821722.23,16042641.77,33114194.3,NA,NA,NA,2.30789182787573,2.99580379096422,0.455630214180456,1
81311,"prior1","hr",2020,54.46766095,-121.9042464,720,48.5,78,414295.8671,160703.9413,1068057.598,NA,NA,NA,4.554800008,2.980761246,6.457221276,10874103.49,4688642.809,19616611.42,NA,NA,NA,2.50726024761365,2.22592008845337,0.644224538371945,1
81313,"prior2","hr",2018,53.9282732,-121.3872546,720,41.5,70,179545.8667,85467.36637,377181.603,NA,NA,NA,12.84025444,8.81465935,17.61107959,16344923.72,9093033.867,25688062.27,NA,NA,NA,2.51790397905732,3.3124954921734,0.47679896487274,1
81313,"after","hr",2022,53.9761493,-121.4199054,720,33.50069444,48,398037.4031,122342.7618,1294999.164,NA,NA,NA,19.36573956,12.3673322,27.90821495,59436800.12,21327343.66,116731497.1,NA,NA,NA,2.36661530076263,2.86105531125395,0.799112758853862,1
81313,"during","hr",2021,53.9997579,-121.4397241,720,70.5,120,372983.1802,197638.7453,703892.6123,NA,NA,NA,42.89407682,33.47721879,53.46028663,103363635.6,57627822.86,162239902.7,NA,NA,NA,2.29049887357961,2.71139254905594,0.742096674678974,1
81313,"prior1","hr",2020,53.9462694,-121.3861114,720,48.50069444,83,2154278.89,268759.2933,17267933.24,NA,NA,NA,24.57598595,17.33099193,33.06643848,285789836.4,37331544.42,781575517.2,NA,NA,NA,1.85765314766645,1.8734101929533,0.453553625537323,0.798200174094113
81314,"prior1","hr",2020,54.94327835,-122.3546781,720,48,66,648216.0721,186262.4132,2255871.536,NA,NA,NA,5.017268416,3.279334318,7.118838144,22693468.85,7858909.752,45254110.36,NA,NA,NA,2.48600342536557,2.457553273496,0.0671652538381034,0
81314,"prior2","hr",2019,54.9450583,-122.3639586,720,41.00069444,63,828681.5937,187994.7528,3652831.654,NA,NA,NA,8.031926936,5.608591753,10.88358043,59980832.93,15184408.5,134973764,NA,NA,NA,2.34922761067527,2.3393940866236,0.25736932489089,0
81315,"during","hr",2021,54.1924365,-121.2398897,720,70,106,216391.2433,125382.1669,373459.5704,NA,NA,NA,13.40883663,9.934423453,17.39621627,20486148.62,13056296.3,29562672.85,NA,NA,NA,2.61088775145477,2.47336604178897,0.678259579785907,1
81315,"after","hr",2022,54.1937872,-121.25448,720,33.49930556,55,366007.2461,99082.26369,1352021.03,NA,NA,NA,4.671838031,2.733913489,7.12047773,12988410.11,4636154.055,25566873.36,NA,NA,NA,2.52632699457497,2.35717112244951,0.853548230844703,1
81315,"prior2","hr",2019,54.1941814,-121.2393025,720,41.5,65,295245.2273,97891.21802,890475.6323,NA,NA,NA,26.97217105,18.37249641,37.1967259,42984902.65,17648864.82,79402664.2,NA,NA,NA,2.42222667778932,2.39011164712154,0.594272368539096,1
81315,"prior1","hr",2020,54.1218425,-121.4997461,720,48.5,85,698510.9749,172328.4811,2831322.942,NA,NA,NA,5.949397484,4.005423418,8.271844511,31382736.83,8819728.076,68002954.62,NA,NA,NA,2.46426153524786,2.54000997061547,-0.0243779440778667,1
81318,"prior2","hr",2018,53.9604833,-121.4515672,720,41.49930556,59,434643.6362,139301.3154,1356161.57,NA,NA,NA,10.33613181,6.987293399,14.33023005,37022805.43,13858739.01,71368103.42,NA,NA,NA,2.46622651985455,2.8486469064372,0.721615772345707,0.971307155092898
81320,"prior2","nc",2018,53.4393272,-121.3145826,720,41.5,64,1597206.832,232468.3512,10973836.45,NA,NA,NA,12.28755325,8.447280301,16.83605675,118420006.1,18649410.83,308490414.3,NA,NA,NA,2.53381636539113,2.11413880085446,0.514956209839679,0
81320,"prior1","nc",2020,53.4333972,-121.3121744,720,46.99930556,82,166835.7693,93814.2933,296694.3835,NA,NA,NA,42.48700087,30.09659227,56.98007133,36836821.85,22891684.28,54045517.76,NA,NA,NA,2.84285739115017,2.1003411056913,0.625534818820584,0
81321,"prior2","nc",2018,53.8224108,-121.5827764,720,40.00069444,67,397440.6885,145792.7521,1083449.613,NA,NA,NA,4.94648303,3.258763853,6.980767809,13380936.09,5425127.975,24865721.92,NA,NA,NA,2.84046013148152,2.27775206170903,0.769047031284517,0
81324,"prior1","hr",2020,53.7852775,-121.6104167,721,47.99930556,66,238777.5198,113782.376,501085.5455,NA,NA,NA,18.1743518,10.61315873,27.73598975,21699271.23,11954117,34301514.25,NA,NA,NA,2.64266249444011,2.24917952947459,0.576877129381121,0
81324,"prior2","hr",2018,53.7560639,-121.5145529,720,41,68,277832.1829,117295.8475,658085.7163,NA,NA,NA,11.03747318,7.355530718,15.45471101,24004120.14,11700447.88,40653976.21,NA,NA,NA,2.61830392407695,1.86748437508483,0.767908977442547,0
81325,"during","hr",2020,53.4747271,-121.4084413,720,39.5,72,2352898.647,260788.3199,21228450.9,NA,NA,NA,29.37143022,21.84392249,37.99621424,617483419.7,70530472.45,1744211969,NA,NA,NA,2.37047131549258,1.89401536482684,0.0648337709414334,0
81325,"prior2","hr",2018,53.2615847,-121.0697592,720,41,68,330601.4711,129513.1065,843909.4362,NA,NA,NA,10.02731185,6.62286847,14.12658616,19428173.93,8562315.822,34669315.44,NA,NA,NA,2.7339562622737,2.76602654717664,2.35990362779468,0
81325,"prior1","hr",2020,53.43347415,-121.323535,720,46.5,74,231438.551,98095.42693,546037.7163,NA,NA,NA,50.06298319,32.04192015,72.04049393,59997270.26,30559144.84,99199209.16,NA,NA,NA,2.77618783188766,2.27698386459891,0.680138157299987,0
81327,"during","hr",2021,53.7526428,-120.6385808,720,70,115,1931111.224,394094.5839,9462679.037,NA,NA,NA,16.38111932,13.0622857,20.06998052,284015450.4,59999059.61,678811515,NA,NA,NA,2.67092502918273,2.61865342901034,0.510470577905266,0.425711501225727
81327,"prior1","hr",2020,53.7311957,-120.705612,720,48,76,864256.1928,246630.8402,3028570.012,NA,NA,NA,17.64784827,13.1292113,22.82443884,119455432.5,35973707.03,252125976.2,NA,NA,NA,2.67600827724355,2.60912478333549,0.511675174526628,0.551691403139865
81328,"prior2","hr",2018,54.13763725,-121.5059206,720,37.5,48,1133252.972,146686.3188,8755160.741,NA,NA,NA,1.73898621,1.127310891,2.481115557,17694287.09,2717813.332,46406841.38,NA,NA,NA,2.70163444662938,2.74991529999164,-0.134129083447912,1
81328,"prior1","hr",2020,54.44034485,-121.8452096,720,46.50069444,76,717122.4751,192045.6324,2677825.254,NA,NA,NA,9.722938816,6.750333227,13.22937545,46921380.68,13874447.5,99735486.99,NA,NA,NA,2.15731411480818,2.01275660082641,0.694047145705185,0.952362388897552
81330,"prior2","hr",2018,53.97553345,-121.1654798,720,41.00069444,56,227443.6857,90900.6204,569089.9572,NA,NA,NA,17.69662344,12.07967161,24.36908123,32055036.3,15368896.21,54770587.93,NA,NA,NA,2.41113702172238,1.90545548126016,0.663885759987651,1
81330,"prior1","hr",2020,53.9790844,-121.6372653,720,48.00069444,77,762017.9295,139398.9526,4165535.781,NA,NA,NA,47.01365599,36.05411046,59.40542389,278208344.5,57627040.22,669065049,NA,NA,NA,1.37406102641161,0.939042072561121,0.23277423341406,0.318495627588928
81331,"prior1","hr",2020,54.1610433,-121.5448856,1800.5,2.500694444,3,NA,NA,NA,NA,NA,NA,NA,NA,NA,1460399.816,121764.7106,4419179.791,NA,NA,NA,2.55461896333734,2.35396751880521,-0.0416874521135286,1
81331,"prior2","hr",2019,53.84275835,-121.1096427,720,41.5,60,900745.2441,213206.9172,3805420.601,NA,NA,NA,51.15968194,34.63856901,70.85137912,228130525,57308691.98,514743645.8,NA,NA,NA,1.88293621847018,1.84561140551042,0.572670139686535,0.412661841275272
81332,"prior2","hr",2018,53.9593111,-121.5047297,720,41,55,381263.1644,147428.8147,985978.2215,NA,NA,NA,6.591652804,4.456696244,9.137812704,21261984.04,9294459.272,38096215.44,NA,NA,NA,1.84709938227262,2.20616952389961,0.943023558587667,0.737294940920041
81332,"prior1","hr",2020,53.96290195,-121.4713723,720,48.5,62,3975688.878,324036.8011,48778725.12,NA,NA,NA,44.4001064,32.38544188,58.28091517,1795101920,152828878.9,5408734072,NA,NA,NA,1.68605278388378,1.44787314741721,0.220114478740508,0.514214949353873
81332,"during","hr",2021,54.1374114,-121.487407,720,69.5,114,271788.3564,147070.4685,502268.82,NA,NA,NA,27.57991316,21.42874722,34.49541507,53316334.76,31133303.32,81368794.15,NA,NA,NA,2.55726816013329,2.67201467117247,0.139004696459717,1
81334,"prior1","nl",2020,53.4854599,-121.7851103,721,48,72,1914620.033,302245.7787,12128440.26,NA,NA,NA,6.673444555,4.896726877,8.720917284,132595944.6,22046515.55,340292638.1,NA,NA,NA,2.46065268660413,2.23012672710817,0.204232169245811,0
81334,"prior2","nl",2018,53.4533,-121.7333125,720,40.99930556,55,171358.0009,78694.91273,373131.6734,NA,NA,NA,15.59726289,9.436200195,23.28132858,19867896.33,10969599.43,31365279.56,NA,NA,NA,2.7429817189551,2.31702160895312,0.114193568948651,0
81336,"prior2","hr",2018,54.0667967,-121.0594803,720,40.00069444,62,397165.6826,144200.1733,1093900.068,NA,NA,NA,13.72236173,9.646373717,18.50538934,39549639.2,15826226.12,73948430.56,NA,NA,NA,2.12485997259531,2.80312406617904,0.0223638990014167,0.916211967076667
81339,"prior2","hr",2018,54.1939489,-121.2440161,720,41,69,1118740.227,155346.287,8056708.144,NA,NA,NA,14.4070837,9.776203191,19.92164115,92258953.66,14486571.13,240532422.6,NA,NA,NA,2.09241422178454,2.06105384678511,0.324855674035998,1
81341,"prior2","hr",2018,54.02018615,-121.5517642,720,41.5,72,588356.5752,140179.0837,2469437.311,NA,NA,NA,14.89003491,10.3948464,20.18030478,59448323.29,16165462.2,130394784.7,NA,NA,NA,2.37051449971237,2.29425903339191,0.730725130375692,1
81344,"prior1","hr",2020,54.03299445,-121.5600756,720,48.5,84,511583.0261,171345.0515,1527427.786,NA,NA,NA,15.13620077,11.05138077,19.85347815,55965506.71,20550564.76,108808817.8,NA,NA,NA,2.43978212013429,2.33250877868504,0.737286161154512,1
81344,"prior2","hr",2019,53.9714494,-121.4295114,720.5,41.5,55,715018.3134,196611.8233,2600307.448,NA,NA,NA,13.59254343,9.153533383,18.89522039,81431751.36,24395151.25,172221091.5,NA,NA,NA,2.28774675815751,2.76507677691404,0.775403513791629,1
81345,"prior1","hr",2020,54.0443008,-121.485615,720,48.50069444,75,6868159,431601.9894,109294232.2,NA,NA,NA,29.27257217,21.8730361,37.73361973,1764121060,112823631.1,5620597046,NA,NA,NA,1.70734066220881,1.5314052316804,0.220597622879989,0.694592698328212
81345,"prior2","hr",NA,NA,NA,NA,NA,NA,NA,NA,NA,NA,NA,NA,NA,NA,NA,NA,NA,NA,NA,NA,NA,2.63746160413805,2.43794051981679,0.657407690672852,1
81346,"prior2","nl",2019,53.4501928,-121.7400594,720,40.00069444,53,132289.3199,61459.3215,284748.7368,NA,NA,NA,20.78597206,11.77237192,32.31971201,18457868.01,10840904.79,28068518.32,NA,NA,NA,2.71252624494988,2.27031857253117,0.102779350445391,0
81347,"prior2","hr",2018,54.1899989,-121.2468147,720,41.5,57,450176.6197,129340.5813,1566863.136,NA,NA,NA,12.92732509,9.184228804,17.30023629,41703069.66,13961755.39,84352027.14,NA,NA,NA,2.38188690564317,2.28767061876593,0.547271175388828,1
81347,"prior1","hr",2020,54.18949585,-121.2434106,720,48.00069444,84,1251845.259,179114.6642,8749236.462,NA,NA,NA,16.04420382,12.14669472,20.47572129,173159085.7,27317923.45,450873331.4,NA,NA,NA,2.04868791535453,1.87607451428934,0.0820465417265166,1
81348,"prior1","hr",2020,53.84322,-121.63754,720,47.5,72,875553.8835,214156.0212,3579607.983,NA,NA,NA,4.229092202,2.745728167,6.027706137,29743593.03,8173288.963,64989651.62,NA,NA,NA,2.54124557324556,2.44282592690263,0.878138948005337,0
81350,"during","hr",2021,54.64603905,-121.5106196,720,70.5,128,882862.801,286196.444,2723467.54,NA,NA,NA,19.09911577,15.25623831,23.36714628,135360655.2,46365361.24,271183901.3,NA,NA,NA,2.59248689311582,1.89379187579376,0.404032990777539,0.323020247874333
81350,"prior1","hr",2020,54.5212629,-121.5607378,720,48.5,78,NA,NA,NA,NA,NA,NA,3.98056014,1.975674412,6.675867614,32461633.95,9994954.555,67922263,NA,NA,NA,1.6727857286091,2.01459937191036,1.16856348677108,1
81352,"prior2","hr",2018,55.0957818,-122.1433265,720,41.50069444,78,2491783.39,242619.7059,25591426.87,NA,NA,NA,3.126539791,2.242083976,4.155756774,55269665.81,5578592.814,160578376,NA,NA,NA,2.56649077720278,2.83838333366563,0.175815903684159,0
81353,"prior1","hr",2020,53.8105579,-121.5775033,720,47.50069444,86,2386464.603,272595.4695,20892545.7,NA,NA,NA,8.30615617,6.314306879,10.56688726,191055673.4,22895633.96,533589599.4,NA,NA,NA,2.31264624141598,1.94923896449001,0.603427746304282,0
81354,"during","hr",2021,53.7365217,-120.6960806,720,70.5,131,2811018.727,400178.6783,19745745.36,NA,NA,NA,12.3158453,9.912938972,14.97560216,306924457.6,45186237.76,814092446.2,NA,NA,NA,2.49508906278461,2.47440139228785,0.552262916249064,0.449159578736607
81354,"prior1","hr",2020,53.73277195,-120.7082204,720,48,90,1321620.222,252504.5086,6917421.082,NA,NA,NA,30.20997099,23.76109751,37.42137706,383202504.6,76843505.33,930887367.7,NA,NA,NA,2.47311132742972,2.4222520408878,0.54798676332546,0.388197482935832
81355,"prior2","hr",2018,54.13752985,-121.5051179,721,41,60,447401.5108,108488.0826,1845070.049,NA,NA,NA,4.740896369,2.307716701,8.035213789,18949611.41,6792535.753,37233025.97,NA,NA,NA,2.70167547975136,2.77357955285426,-0.147289409696956,1
81355,"during","hr",2021,54.6406081,-121.82991,720,70.5,99,1107778.606,329744.528,3721588.492,NA,NA,NA,8.701418135,6.635396117,11.04317382,77605451.63,24549416.51,160645427.5,NA,NA,NA,2.20603985502559,2.05718306440758,0.807198288205317,0
81355,"prior1","hr",2020,54.43542805,-121.9369524,721,47.5,60,2079350.552,279814.7612,15452003.67,NA,NA,NA,4.693978668,3.317139034,6.306087414,96612503.14,13893113.88,257837277.2,NA,NA,NA,2.35688591552925,2.16793143619859,0.773256397123638,0.860891626486255
81356,"prior2","hr",2018,54.19002,-121.2441139,720,41,69,787383.7532,158688.174,3906864.381,NA,NA,NA,8.789881891,6.407229796,11.543364,52739229.06,11923260.53,123321833.1,NA,NA,NA,2.33182432510122,2.30887817163318,0.501081788247406,1
81357,"prior1","hr",2020,54.80115445,-121.5203463,720,48.5,76,2035463.95,179725.1314,23052499.44,NA,NA,NA,2.582533399,1.720925754,3.616234223,29906407.73,3128669.606,86196711.02,NA,NA,NA,2.38034423738129,1.98542227872847,0.903315948149555,0
81357,"prior2","hr",2019,54.7221853,-122.0436593,720,41.5,66,471767.959,160558.8803,1386189.333,NA,NA,NA,13.33953041,9.558777652,17.74048405,47416862.1,17658557.02,91614359.22,NA,NA,NA,2.34655502926744,2.3201597041026,0.59613260689472,0
81358,"prior1","hr",2020,53.7310728,-120.7022964,720,48.50069444,85,1023657.681,269384.5939,3889884.84,NA,NA,NA,13.56221253,10.37516403,17.16960094,124602693.3,34252048.2,272220574.7,NA,NA,NA,2.69818929952563,2.66401323080616,0.520056254140825,0.566874804259317
81361,"prior1","hr",2020,54.0756156,-121.001135,720,17.49930556,27,NA,NA,NA,NA,NA,NA,0.038821482,0.004110304,0.111589671,122165.8161,13608.81539,347099.6225,NA,NA,NA,2.73801219220064,4.10237252225681,0.725716192503365,1
81362,"prior1","hr",2020,54.0433711,-121.5593664,720,48.49930556,77,2315705.54,284978.7415,18817165.52,NA,NA,NA,10.87940038,7.602432452,14.73440145,147910828,19096963.93,405676330.8,NA,NA,NA,2.15988778031502,2.1196222382425,0.666819392393886,0.995663357847179
81362,"prior2","hr",2018,53.9766236,-121.4695757,720,41.5,70,478698.0859,165459.9219,1384938.751,NA,NA,NA,31.55634601,22.79437479,41.72114419,102258016.1,38254827.92,197174541.2,NA,NA,NA,2.3415222570451,2.74726871334912,0.787071716472105,0.987275350911715
81363,"prior2","hr",2018,53.51988165,-121.1412567,720,38.50069444,64,363226.1792,120603.5856,1093941.416,NA,NA,NA,37.83958746,25.0454702,53.23159215,66557733.25,24979720.81,128152109.3,NA,NA,NA,2.96380282997524,2.5987323742686,0.488306025959228,0.0211214713586986
81365,"during","hr",2021,53.4640736,-121.4298924,16559,11.49930556,2,NA,NA,NA,NA,NA,NA,NA,NA,NA,16398760.1,248800.3661,64551916.91,NA,NA,NA,2.59803755884457,2.41184005371782,0.0389516242048569,0
81380,"after","cn",2022,51.61315015,-118.988194,899,16.375,30,NA,NA,NA,NA,NA,NA,9.292690296,3.994364433,16.7893858,17236065.83,5202962.381,36345266.46,NA,NA,NA,3.42677395707035,2.80801344777555,0.52543824776986,1
83781,"during","hr",2021,54.705259,-122.0540174,900,70.41597222,94,6327974.528,428955.5457,93350609.47,NA,NA,NA,12.42609941,9.079410999,16.28973517,558364598.1,38872535.11,1750884862,NA,NA,NA,1.83050527595477,1.58454981249056,0.393329903123582,0
83781,"prior1","hr",2020,54.8140568,-121.7371446,781,47.66666667,72,1061917.693,230329.711,4895891.123,NA,NA,NA,10.15870922,7.429131157,13.30874879,92194996.95,21485808.01,213424613.3,NA,NA,NA,2.25315660016212,1.78705200627072,0.761671556451693,0
83782,"prior1","hr",2020,54.7924869,-121.5497436,781,48.66666667,75,687537.614,145969.9892,3238391.488,NA,NA,NA,30.97141769,20.90774366,42.9810639,60774704.27,14554743.63,139403219.3,NA,NA,NA,2.67724364567312,2.51175882448226,0.310574702880942,0
83782,"during","hr",2021,54.8001292,-121.5589275,781,70.33333333,93,732497.665,250773.2931,2139593.186,NA,NA,NA,34.0329509,24.1540184,45.57908313,151732658,58325686.24,289012073.7,NA,NA,NA,2.52682219505494,2.20561910788084,0.563215309832194,0
83782,"after","hr",2022,54.7781003,-121.5113263,780,33.58263889,50,NA,NA,NA,NA,NA,NA,NA,NA,NA,13142710.29,9210738.283,17762638.8,NA,NA,NA,2.66391671585731,2.26228057204016,0.648517406075244,0
85443,"prior1","hr",2020,54.7919964,-121.4829544,779.5,5.874305556,9,NA,NA,NA,NA,NA,NA,1.90845497,0.23788769,5.27967709,7875017.184,86080.42782,32175153.89,NA,NA,NA,2.37568360780263,1.45856437817352,1.19119007541601,0
85443,"during","hr",2021,54.710211,-122.0402927,781,69.875,98,5660822.372,431356.4073,74288707.41,NA,NA,NA,14.55900128,10.80753039,18.86076247,594963165.9,46533542.05,1823776871,NA,NA,NA,1.85619892067855,1.65881940998067,0.424974314740098,0
85443,"after","hr",2022,54.73685085,-121.9425133,780,33.50069444,50,327155.2806,115055.0599,930255.2858,NA,NA,NA,17.90681523,11.53151168,25.66256566,51722233.56,21452293.64,95081736.33,NA,NA,NA,2.32364172604764,2.62527324689264,0.604353146100932,0
85451,"during","hr",2021,54.67209945,-121.7924723,780,69.875,116,208505.7342,119105.6214,365009.1463,NA,NA,NA,2.327509632,1.637112963,3.137468847,2888900.424,1850400.693,4155009.109,NA,NA,NA,2.4842332132758,1.64606548305679,0.655732424679028,0
85451,"prior1","hr",2020,54.7908278,-121.4822458,780,4.791666667,9,NA,NA,NA,NA,NA,NA,NA,NA,NA,861778.0275,313772.6467,1681744.63,NA,NA,NA,2.53220653025219,1.75431409451692,1.56847125546183,0
